path,line_count
"ia_carmine\__init__.py",4
"ia_carmine\__main__.py",5
"ia_carmine\_shared\__init__.py",1
"ia_carmine\_shared\agent_agnostic_tool_inventory_cli.py",74
"ia_carmine\_shared\agent_memory_inventory_cli.py",118
"ia_carmine\_shared\agent_runtime_tool_broker_execution.py",62
"ia_carmine\_shared\artifact_domain_registry.py",228
"ia_carmine\_shared\code_edit_proposal_helpers.py",201
"ia_carmine\_shared\code_patch_plan_common.py",189
"ia_carmine\_shared\dry_run_matrix_evidence_markdown.py",41
"ia_carmine\_shared\ensure_ai_context_templates.py",195
"ia_carmine\_shared\evidence_item_planning.py",107
"ia_carmine\_shared\external_heap_block_pointer_manifest_cli.py",89
"ia_carmine\_shared\fixtures\agent_review_code_patch_plan_fixture.json",39
"ia_carmine\_shared\fixtures\code_contract_drift_fixture.json",75
"ia_carmine\_shared\fixtures\code_edit_proposal_fixture.json",35
"ia_carmine\_shared\fixtures\patch_spec_review_draft.json",48
"ia_carmine\_shared\fixtures\patch_spec_review_replacement_plan.json",42
"ia_carmine\_shared\fixtures\patch_spec_review_target.md",3
"ia_carmine\_shared\full_context_golden_proposals_cli.py",80
"ia_carmine\_shared\github_evidence_bundle_artifacts.py",313
"ia_carmine\_shared\github_evidence_bundle_decisions.py",127
"ia_carmine\_shared\github_evidence_bundle_io.py",139
"ia_carmine\_shared\github_evidence_bundle_markdown.py",210
"ia_carmine\_shared\github_evidence_bundle_reports.py",350
"ia_carmine\_shared\gpu_planner_json_contract.py",320
"ia_carmine\_shared\gpu_planner_json_contract_report.py",28
"ia_carmine\_shared\gpu_runtime_sampling.py",152
"ia_carmine\_shared\heap_code_execution_tool_core.py",308
"ia_carmine\_shared\heap_exchange_runtime_entry_cli.py",202
"ia_carmine\_shared\heap_final_code_product.py",278
"ia_carmine\_shared\heap_final_readable_synthesis.py",398
"ia_carmine\_shared\heap_proposal_gate.py",241
"ia_carmine\_shared\heap_source_anchors.py",333
"ia_carmine\_shared\live_flow_lanes.py",142
"ia_carmine\_shared\live_flow_monitor.py",181
"ia_carmine\_shared\live_flow_status.py",311
"ia_carmine\_shared\model_json.py",106
"ia_carmine\_shared\npu_micro_task_companion_cli.py",360
"ia_carmine\_shared\npu_micro_task_markdown.py",53
"ia_carmine\_shared\ollama_gpu_residency.py",173
"ia_carmine\_shared\ollama_provider_selection.py",243
"ia_carmine\_shared\openvino_model_discovery.py",134
"ia_carmine\_shared\process_tree.py",33
"ia_carmine\_shared\provider_ollama_probe.py",400
"ia_carmine\_shared\provider_ollama_report.py",128
"ia_carmine\_shared\provider_probe_paths.py",9
"ia_carmine\_shared\provider_replight.py",250
"ia_carmine\_shared\provider_replight_markdown.py",57
"ia_carmine\_shared\provider_runtime_broker_bridge_cli.py",60
"ia_carmine\_shared\provider_tool_loop.py",377
"ia_carmine\_shared\provider_tool_schemas.py",41
"ia_carmine\_shared\provider_work_verification.py",324
"ia_carmine\_shared\report_io.py",23
"ia_carmine\_shared\report_markdown.py",14
"ia_carmine\_shared\revision_context_prompt.py",73
"ia_carmine\_shared\runtime_tool_guidance.py",138
"ia_carmine\_shared\TOOL_CONTEXT.md",31
"ia_carmine\_shared\universo_utils.py",59
"ia_carmine\_shared\workload_quality.py",202
"ia_carmine\build_agent_memory_inventory.py",378
"ia_carmine\chunks\__init__.py",1
"ia_carmine\chunks\code_chunks\__init__.py",1
"ia_carmine\chunks\evidence_chunks\__init__.py",1
"ia_carmine\chunks\proposal_chunks\__init__.py",1
"ia_carmine\cli.py",6
"ia_carmine\context\__init__.py",1
"ia_carmine\context\agent_context\__init__.py",1
"ia_carmine\context\agent_context\agnostic_tool_inventory\__init__.py",3
"ia_carmine\context\agent_context\agnostic_tool_inventory\cli.py",321
"ia_carmine\context\agent_context\ai_context_pack\__init__.py",5
"ia_carmine\context\agent_context\ai_context_pack\builder.py",151
"ia_carmine\context\agent_context\ai_context_pack\cli.py",63
"ia_carmine\context\agent_context\ai_context_pack\common.py",99
"ia_carmine\context\agent_context\ai_context_pack\files.py",87
"ia_carmine\context\agent_context\ai_context_pack\markdown.py",69
"ia_carmine\context\agent_context\ai_context_pack\profiles.py",187
"ia_carmine\context\agent_context\ensure_required_files\__init__.py",3
"ia_carmine\context\agent_context\ensure_required_files\cli.py",180
"ia_carmine\context\agent_context\full_context_golden_proposals\__init__.py",3
"ia_carmine\context\agent_context\full_context_golden_proposals\cli.py",334
"ia_carmine\context\agent_context\local_ai_enrichment_plan\__init__.py",3
"ia_carmine\context\agent_context\local_ai_enrichment_plan\cli.py",365
"ia_carmine\context\agent_context\memory_inventory\__init__.py",3
"ia_carmine\context\agent_context\memory_inventory\cli.py",275
"ia_carmine\context\agent_context\merge_candidates\__init__.py",3
"ia_carmine\context\agent_context\merge_candidates\cli.py",59
"ia_carmine\context\agent_context\music_intermediates\__init__.py",3
"ia_carmine\context\agent_context\music_intermediates\cli.py",361
"ia_carmine\context\agent_context\semantic_evidence_chunks\__init__.py",3
"ia_carmine\context\agent_context\semantic_evidence_chunks\archive.py",12
"ia_carmine\context\agent_context\semantic_evidence_chunks\chunker.py",119
"ia_carmine\context\agent_context\semantic_evidence_chunks\cli.py",151
"ia_carmine\context\agent_context\semantic_evidence_chunks\common.py",73
"ia_carmine\context\agent_context\semantic_evidence_chunks\live_source.py",135
"ia_carmine\context\agent_context\semantic_evidence_chunks\render.py",73
"ia_carmine\context\agent_context\semantic_evidence_chunks\sections.py",162
"ia_carmine\context\agent_context\semantic_evidence_chunks\select_code_chunks\__init__.py",3
"ia_carmine\context\agent_context\semantic_evidence_chunks\select_code_chunks\cli.py",300
"ia_carmine\context\agent_context\semantic_evidence_chunks\summary.py",59
"ia_carmine\context\agent_context\shared_toolbox_bundle\__init__.py",6
"ia_carmine\context\agent_context\shared_toolbox_bundle\cli.py",210
"ia_carmine\context\agent_context\shared_toolbox_bundle\collection.py",183
"ia_carmine\context\agent_context\shared_toolbox_bundle\common.py",162
"ia_carmine\context\agent_context\shared_toolbox_bundle\provider_state.py",326
"ia_carmine\context\agent_context\shared_toolbox_bundle\summary.py",272
"ia_carmine\context\agent_context\shared_toolbox_bundle\tooling.py",80
"ia_carmine\context\agent_context\state_packet\__init__.py",3
"ia_carmine\context\agent_context\state_packet\cli.py",120
"ia_carmine\context\agent_context\TOOL_CONTEXT.md",44
"ia_carmine\context\agent_context\transient_request_context\__init__.py",3
"ia_carmine\context\agent_context\transient_request_context\cli.py",361
"ia_carmine\context\context_pack\__init__.py",1
"ia_carmine\context\context_reload\__init__.py",1
"ia_carmine\context\file_refs\__init__.py",1
"ia_carmine\context\heap_context_memory_reload\__init__.py",1
"ia_carmine\context\heap_context_memory_reload\builders.py",283
"ia_carmine\context\heap_context_memory_reload\cli.py",55
"ia_carmine\context\heap_context_memory_reload\common.py",180
"ia_carmine\context\heap_context_memory_reload\delta.py",62
"ia_carmine\context\heap_context_memory_reload\manifest.py",124
"ia_carmine\context\heap_context_memory_reload\memory_write.py",88
"ia_carmine\context\heap_context_memory_reload\reconcile_report\__init__.py",3
"ia_carmine\context\heap_context_memory_reload\reconcile_report\cli.py",257
"ia_carmine\context\heap_context_memory_reload\runner.py",376
"ia_carmine\context\heap_context_memory_reload\runner_state.py",20
"ia_carmine\context\heap_context_memory_reload\scanner.py",68
"ia_carmine\context\heap_context_memory_reload\task_docs.py",170
"ia_carmine\context\heap_context_memory_reload\TOOL_CONTEXT.md",41
"ia_carmine\CONTEXT_INDEX.md",30
"ia_carmine\dispatch.py",157
"ia_carmine\memory\__init__.py",1
"ia_carmine\memory\agent_memory\__init__.py",2
"ia_carmine\memory\agent_memory\common.py",120
"ia_carmine\memory\agent_memory\models.py",108
"ia_carmine\memory\agent_memory\policy.py",305
"ia_carmine\memory\agent_memory\review\__init__.py",3
"ia_carmine\memory\agent_memory\review\cli.py",66
"ia_carmine\memory\agent_memory\routing_cli.py",58
"ia_carmine\memory\agent_memory\routing_report.py",154
"ia_carmine\memory\agent_memory\routing_requests.py",239
"ia_carmine\memory\agent_memory\sqlite_cli.py",74
"ia_carmine\memory\agent_memory\sqlite_report.py",202
"ia_carmine\memory\agent_memory\sqlite_store.py",381
"ia_carmine\memory\agent_memory\state.py",63
"ia_carmine\memory\agent_memory\state_packet.py",173
"ia_carmine\memory\agent_memory\storage.py",161
"ia_carmine\memory\agent_memory\TOOL_CONTEXT.md",36
"ia_carmine\memory\fts5\__init__.py",1
"ia_carmine\memory\persistent\__init__.py",1
"ia_carmine\memory\pointers\__init__.py",1
"ia_carmine\memory\sqlite\__init__.py",1
"ia_carmine\memory\volatile\__init__.py",1
"ia_carmine\pointers\__init__.py",1
"ia_carmine\pointers\graph\__init__.py",1
"ia_carmine\pointers\resume\__init__.py",1
"ia_carmine\pointers\revision_context\__init__.py",1
"ia_carmine\product\__init__.py",1
"ia_carmine\product\agent_review\__init__.py",7
"ia_carmine\product\agent_review\cli_output.py",52
"ia_carmine\product\agent_review\code_patch_plan_builder.py",119
"ia_carmine\product\agent_review\code_patch_plan_cli.py",48
"ia_carmine\product\agent_review\code_patch_plan_deps.py",31
"ia_carmine\product\agent_review\code_patch_plan_render.py",59
"ia_carmine\product\agent_review\code_patch_plan_rules.py",161
"ia_carmine\product\agent_review\code_patch_plan_static.py",143
"ia_carmine\product\agent_review\decision_loop_runner\__init__.py",3
"ia_carmine\product\agent_review\decision_loop_runner\cli.py",329
"ia_carmine\product\agent_review\evidence_analysis.py",175
"ia_carmine\product\agent_review\evidence_cli.py",5
"ia_carmine\product\agent_review\evidence_common.py",106
"ia_carmine\product\agent_review\evidence_report.py",167
"ia_carmine\product\agent_review\patch_bundle_builder.py",145
"ia_carmine\product\agent_review\patch_bundle_cli.py",5
"ia_carmine\product\agent_review\patch_bundle_common.py",180
"ia_carmine\product\agent_review\patch_bundle_sources.py",184
"ia_carmine\product\agent_review\patch_plan\__init__.py",5
"ia_carmine\product\agent_review\patch_plan\builder.py",109
"ia_carmine\product\agent_review\patch_plan\classification.py",21
"ia_carmine\product\agent_review\patch_plan\cli.py",49
"ia_carmine\product\agent_review\patch_plan\common.py",114
"ia_carmine\product\agent_review\patch_plan\decision.py",34
"ia_carmine\product\agent_review\patch_plan\fallback.py",149
"ia_carmine\product\agent_review\patch_plan\gpu.py",94
"ia_carmine\product\agent_review\patch_plan\inputs.py",48
"ia_carmine\product\agent_review\patch_plan\markdown.py",42
"ia_carmine\product\agent_review\report_cli_specs.py",82
"ia_carmine\product\agent_review\review_pr_cli.py",261
"ia_carmine\product\agent_review\review_pr_common.py",235
"ia_carmine\product\agent_review\TOOL_CONTEXT.md",51
"ia_carmine\product\agent_review\warning_policy\__init__.py",40
"ia_carmine\product\agent_review\warning_policy\builder.py",236
"ia_carmine\product\agent_review\warning_policy\cli.py",43
"ia_carmine\product\agent_review\warning_policy\common.py",130
"ia_carmine\product\agent_review\warning_policy\markdown.py",30
"ia_carmine\product\agent_review\wave_entrypoints\__init__.py",3
"ia_carmine\product\agent_review\wave_entrypoints\cli.py",274
"ia_carmine\product\ai_workload\quality_lane_routing\__init__.py",3
"ia_carmine\product\ai_workload\quality_lane_routing\cli.py",178
"ia_carmine\product\ai_workload\TOOL_CONTEXT.md",18
"ia_carmine\product\code_product\__init__.py",1
"ia_carmine\product\code_product\artifact_intake\__init__.py",66
"ia_carmine\product\code_product\artifact_intake\__main__.py",4
"ia_carmine\product\code_product\artifact_intake\analyzer.py",167
"ia_carmine\product\code_product\artifact_intake\apply.py",109
"ia_carmine\product\code_product\artifact_intake\cli.py",20
"ia_carmine\product\code_product\artifact_intake\common.py",54
"ia_carmine\product\code_product\artifact_intake\report.py",30
"ia_carmine\product\code_product\artifact_intake\sections.py",243
"ia_carmine\product\code_product\edit_proposal_from_plan\__init__.py",3
"ia_carmine\product\code_product\edit_proposal_from_plan\cli.py",266
"ia_carmine\product\code_product\final_readable_product\__init__.py",3
"ia_carmine\product\code_product\final_readable_product\cli.py",382
"ia_carmine\product\code_product\final_readable_product\code_matrix_discovery.py",50
"ia_carmine\product\code_product\final_readable_product\operator_decision.py",55
"ia_carmine\product\code_product\final_readable_product\pointer_reconstruction.py",63
"ia_carmine\product\code_product\final_readable_product\product_contract.py",91
"ia_carmine\product\code_product\full_run_bundle_zip\__init__.py",1
"ia_carmine\product\code_product\full_run_bundle_zip\builder.py",165
"ia_carmine\product\code_product\full_run_bundle_zip\cli.py",43
"ia_carmine\product\code_product\full_run_bundle_zip\discovery.py",127
"ia_carmine\product\code_product\full_run_bundle_zip\git_status.py",22
"ia_carmine\product\code_product\full_run_bundle_zip\paths.py",23
"ia_carmine\product\code_product\full_run_bundle_zip\policy.py",52
"ia_carmine\product\code_product\full_run_bundle_zip\reports.py",39
"ia_carmine\product\code_product\interpreter_report\__init__.py",5
"ia_carmine\product\code_product\interpreter_report\builder.py",154
"ia_carmine\product\code_product\interpreter_report\cli.py",50
"ia_carmine\product\code_product\interpreter_report\constants.py",45
"ia_carmine\product\code_product\interpreter_report\render.py",42
"ia_carmine\product\code_product\interpreter_report\scanner.py",187
"ia_carmine\product\code_product\patch_artifact_pack\__init__.py",3
"ia_carmine\product\code_product\patch_artifact_pack\cli.py",263
"ia_carmine\product\code_product\patch_candidate_report.py",24
"ia_carmine\product\code_product\patch_docs_followup\__init__.py",3
"ia_carmine\product\code_product\patch_docs_followup\cli.py",329
"ia_carmine\product\code_product\synthesis_patterns.py",98
"ia_carmine\product\code_product\TOOL_CONTEXT.md",73
"ia_carmine\product\composer\__init__.py",1
"ia_carmine\product\deterministic_recommendations\__init__.py",6
"ia_carmine\product\deterministic_recommendations\cli.py",55
"ia_carmine\product\deterministic_recommendations\common.py",226
"ia_carmine\product\deterministic_recommendations\consistency.py",269
"ia_carmine\product\deterministic_recommendations\evidence_to_recommendation\__init__.py",3
"ia_carmine\product\deterministic_recommendations\evidence_to_recommendation\cli.py",107
"ia_carmine\product\deterministic_recommendations\provider.py",198
"ia_carmine\product\deterministic_recommendations\report.py",253
"ia_carmine\product\deterministic_recommendations\TOOL_CONTEXT.md",19
"ia_carmine\product\final_readable_product\__init__.py",1
"ia_carmine\product\generated_patch_specs\__init__.py",1
"ia_carmine\product\generated_patch_specs\apply_cli.py",213
"ia_carmine\product\generated_patch_specs\apply_common.py",80
"ia_carmine\product\generated_patch_specs\apply_discovery.py",70
"ia_carmine\product\generated_patch_specs\apply_operations.py",141
"ia_carmine\product\generated_patch_specs\apply_report.py",30
"ia_carmine\product\generated_patch_specs\apply_validators.py",58
"ia_carmine\product\generated_patch_specs\cli_specs.py",90
"ia_carmine\product\generated_patch_specs\proposal_cli.py",5
"ia_carmine\product\generated_patch_specs\proposal_common.py",131
"ia_carmine\product\generated_patch_specs\proposal_manifest.py",180
"ia_carmine\product\generated_patch_specs\proposal_operations.py",184
"ia_carmine\product\generated_patch_specs\review_builder.py",178
"ia_carmine\product\generated_patch_specs\review_cli.py",5
"ia_carmine\product\generated_patch_specs\review_common.py",170
"ia_carmine\product\generated_patch_specs\review_markdown.py",29
"ia_carmine\product\generated_patch_specs\TOOL_CONTEXT.md",46
"ia_carmine\product\heap_final_proposals\__init__.py",1
"ia_carmine\product\heap_final_proposals\artifacts.py",371
"ia_carmine\product\heap_final_proposals\cli.py",263
"ia_carmine\product\heap_final_proposals\common.py",116
"ia_carmine\product\heap_final_proposals\documents.py",90
"ia_carmine\product\heap_final_proposals\normalize_final_causality\__init__.py",3
"ia_carmine\product\heap_final_proposals\normalize_final_causality\cli.py",314
"ia_carmine\product\heap_final_proposals\rendering.py",231
"ia_carmine\product\heap_final_proposals\TOOL_CONTEXT.md",19
"ia_carmine\product\matrix\__init__.py",1
"ia_carmine\product\operator_product_core\__init__.py",41
"ia_carmine\product\operator_product_core\__main__.py",4
"ia_carmine\product\operator_product_core\cli.py",130
"ia_carmine\product\operator_product_core\cli_contract.py",30
"ia_carmine\product\operator_product_core\controller.py",29
"ia_carmine\product\operator_product_core\direct_command.py",119
"ia_carmine\product\operator_product_core\io_utils.py",22
"ia_carmine\product\operator_product_core\markdown.py",87
"ia_carmine\product\operator_product_core\models.py",110
"ia_carmine\product\operator_product_core\public_documents.py",140
"ia_carmine\product\operator_product_core\runner.py",344
"ia_carmine\product\operator_product_core\TOOL_CONTEXT.md",45
"ia_carmine\product\operator_product_core\view\__init__.py",1
"ia_carmine\product\operator_product_core\view\cli.py",237
"ia_carmine\product\patch_product\__init__.py",1
"ia_carmine\product\patch_product\candidate_synthesis\__init__.py",3
"ia_carmine\product\patch_product\candidate_synthesis\cli.py",295
"ia_carmine\product\patch_product\candidate_synthesis\evidence_diff.py",169
"ia_carmine\product\patch_product\patch_notes_quality_product\__init__.py",1
"ia_carmine\product\patch_product\patch_notes_quality_product\builder.py",246
"ia_carmine\product\patch_product\patch_notes_quality_product\cli.py",65
"ia_carmine\product\patch_product\patch_notes_quality_product\evidence_quality.py",72
"ia_carmine\product\patch_product\patch_notes_quality_product\note_scoring.py",189
"ia_carmine\product\patch_product\patch_notes_quality_product\reporting.py",122
"ia_carmine\product\patch_product\patch_notes_quality_product\scoring.py",53
"ia_carmine\product\patch_product\patch_notes_quality_product\scoring_common.py",40
"ia_carmine\product\patch_product\patch_notes_quality_product\sufficiency.py",240
"ia_carmine\product\patch_product\patch_notes_quality_product\task_md.py",87
"ia_carmine\product\patch_product\patch_plan_generator\__init__.py",3
"ia_carmine\product\patch_product\patch_plan_generator\cli.py",114
"ia_carmine\product\patch_product\patch_plan_quality_product\__init__.py",1
"ia_carmine\product\patch_product\patch_plan_quality_product\builder.py",187
"ia_carmine\product\patch_product\patch_plan_quality_product\cli.py",6
"ia_carmine\product\patch_product\patch_plan_quality_product\io_utils.py",46
"ia_carmine\product\patch_product\patch_plan_quality_product\reporting.py",35
"ia_carmine\product\patch_product\patch_plan_quality_product\scoring.py",97
"ia_carmine\product\patch_product\patch_plan_quality_product\token_search.py",124
"ia_carmine\product\patch_product\patch_plan_quality_product_report\__init__.py",3
"ia_carmine\product\patch_product\patch_plan_quality_product_report\cli.py",57
"ia_carmine\product\patch_product\patch_suggestion_bundle\__init__.py",1
"ia_carmine\product\patch_product\patch_suggestion_bundle\cli.py",248
"ia_carmine\product\patch_product\patch_suggestion_bundle\common.py",175
"ia_carmine\product\patch_product\patch_suggestion_bundle\discovery.py",72
"ia_carmine\product\patch_product\patch_suggestion_bundle\git_branch.py",162
"ia_carmine\product\patch_product\patch_suggestion_bundle\operations.py",283
"ia_carmine\product\patch_product\patch_suggestion_bundle\product.py",126
"ia_carmine\product\patch_product\patch_suggestion_bundle\task_markdown.py",163
"ia_carmine\product\patch_product\task_patch_suggestion_markdown\__init__.py",3
"ia_carmine\product\patch_product\task_patch_suggestion_markdown\cli.py",137
"ia_carmine\product\patch_product\task_patch_suggestion_report\__init__.py",3
"ia_carmine\product\patch_product\task_patch_suggestion_report\cli.py",50
"ia_carmine\product\patch_product\TOOL_CONTEXT.md",82
"ia_carmine\product\patchkit\__init__.py",7
"ia_carmine\product\patchkit\anchors.py",43
"ia_carmine\product\patchkit\apply_patch_bundle.py",312
"ia_carmine\product\patchkit\filesystem.py",47
"ia_carmine\product\patchkit\powershell.py",54
"ia_carmine\product\patchkit\reports.py",33
"ia_carmine\product\patchkit\TOOL_CONTEXT.md",70
"ia_carmine\product\pipeline\__init__.py",20
"ia_carmine\product\pipeline\artifact_contracts.py",76
"ia_carmine\product\pipeline\artifact_runner\__init__.py",3
"ia_carmine\product\pipeline\artifact_runner\cli.py",72
"ia_carmine\product\pipeline\cli.py",70
"ia_carmine\product\pipeline\compat.py",61
"ia_carmine\product\pipeline\defaults.py",13
"ia_carmine\product\pipeline\dry_run_matrix\__init__.py",5
"ia_carmine\product\pipeline\dry_run_matrix\case_groups_basic.py",190
"ia_carmine\product\pipeline\dry_run_matrix\case_groups_full.py",89
"ia_carmine\product\pipeline\dry_run_matrix\case_groups_review.py",136
"ia_carmine\product\pipeline\dry_run_matrix\cases.py",40
"ia_carmine\product\pipeline\dry_run_matrix\cli.py",62
"ia_carmine\product\pipeline\dry_run_matrix\common.py",66
"ia_carmine\product\pipeline\dry_run_matrix\evidence_cli.py",329
"ia_carmine\product\pipeline\dry_run_matrix\runner.py",110
"ia_carmine\product\pipeline\guardrail_models.py",76
"ia_carmine\product\pipeline\markdown_report.py",100
"ia_carmine\product\pipeline\models.py",131
"ia_carmine\product\pipeline\orchestrator.py",27
"ia_carmine\product\pipeline\preflight.py",120
"ia_carmine\product\pipeline\README.md",104
"ia_carmine\product\pipeline\refactor_status.py",64
"ia_carmine\product\pipeline\remediation.py",178
"ia_carmine\product\pipeline\reports.py",58
"ia_carmine\product\pipeline\runner.py",89
"ia_carmine\product\pipeline\scheduler.py",51
"ia_carmine\product\pipeline\schema_report.py",112
"ia_carmine\product\pipeline\steps.py",213
"ia_carmine\product\pipeline\TOOL_CONTEXT.md",21
"ia_carmine\product\pipeline\validate_ai_artifacts\__init__.py",3
"ia_carmine\product\pipeline\validate_ai_artifacts\cli.py",206
"ia_carmine\product\pipeline\validation_step\__init__.py",3
"ia_carmine\product\pipeline\validation_step\cli.py",129
"ia_carmine\product\repository_product\__init__.py",1
"ia_carmine\product\repository_product\github_evidence_bundle\__init__.py",3
"ia_carmine\product\repository_product\github_evidence_bundle\cli.py",278
"ia_carmine\product\repository_product\github_evidence_bundle_code_plan_enrichment\__init__.py",3
"ia_carmine\product\repository_product\github_evidence_bundle_code_plan_enrichment\cli.py",233
"ia_carmine\product\repository_product\github_evidence_bundle_ready\__init__.py",3
"ia_carmine\product\repository_product\github_evidence_bundle_ready\cli.py",160
"ia_carmine\product\repository_product\megalithic_repo_review\__init__.py",8
"ia_carmine\product\repository_product\megalithic_repo_review\analysis.py",201
"ia_carmine\product\repository_product\megalithic_repo_review\cli.py",50
"ia_carmine\product\repository_product\megalithic_repo_review\collectors.py",125
"ia_carmine\product\repository_product\megalithic_repo_review\common.py",242
"ia_carmine\product\repository_product\megalithic_repo_review\provider.py",56
"ia_carmine\product\repository_product\megalithic_repo_review\reporting.py",95
"ia_carmine\product\repository_product\megalithic_repo_review\runner.py",106
"ia_carmine\product\repository_product\megalithic_review_pr_draft\__init__.py",3
"ia_carmine\product\repository_product\megalithic_review_pr_draft\cli.py",238
"ia_carmine\product\repository_product\megalithic_review_refinement\__init__.py",1
"ia_carmine\product\repository_product\megalithic_review_refinement\cli.py",50
"ia_carmine\product\repository_product\megalithic_review_refinement\common.py",181
"ia_carmine\product\repository_product\megalithic_review_refinement\doc_refs.py",131
"ia_carmine\product\repository_product\megalithic_review_refinement\duplicates.py",77
"ia_carmine\product\repository_product\megalithic_review_refinement\report.py",116
"ia_carmine\product\repository_product\refactor_duplication_audit\__init__.py",5
"ia_carmine\product\repository_product\refactor_duplication_audit\candidates.py",149
"ia_carmine\product\repository_product\refactor_duplication_audit\cli.py",64
"ia_carmine\product\repository_product\refactor_duplication_audit\common.py",156
"ia_carmine\product\repository_product\refactor_duplication_audit\markdown.py",66
"ia_carmine\product\repository_product\refactor_duplication_audit\report.py",130
"ia_carmine\product\repository_product\refactor_duplication_audit\reports.py",187
"ia_carmine\product\repository_product\refactor_duplication_audit\scanner.py",77
"ia_carmine\product\repository_product\repository_change_proposals\__init__.py",5
"ia_carmine\product\repository_product\repository_change_proposals\builder.py",161
"ia_carmine\product\repository_product\repository_change_proposals\cli.py",93
"ia_carmine\product\repository_product\repository_change_proposals\common.py",206
"ia_carmine\product\repository_product\repository_change_proposals\markdown.py",60
"ia_carmine\product\repository_product\repository_change_proposals\proposal_models.py",56
"ia_carmine\product\repository_product\repository_change_proposals\proposal_templates.py",158
"ia_carmine\product\repository_product\repository_change_proposals\provider_checks.py",54
"ia_carmine\product\repository_product\repository_change_proposals\runtime_peer.py",144
"ia_carmine\product\repository_product\repository_consistency_map\__init__.py",5
"ia_carmine\product\repository_product\repository_consistency_map\builder.py",171
"ia_carmine\product\repository_product\repository_consistency_map\cli.py",105
"ia_carmine\product\repository_product\repository_consistency_map\constants.py",34
"ia_carmine\product\repository_product\repository_consistency_map\findings.py",210
"ia_carmine\product\repository_product\repository_consistency_map\markdown.py",152
"ia_carmine\product\repository_product\repository_consistency_map\paths.py",179
"ia_carmine\product\repository_product\repository_consistency_map\python_inventory.py",243
"ia_carmine\product\repository_product\repository_consistency_map\render.py",74
"ia_carmine\product\repository_product\repository_update_suggestions\__init__.py",3
"ia_carmine\product\repository_product\repository_update_suggestions\cli.py",134
"ia_carmine\product\repository_product\repository_update_suggestions\common.py",236
"ia_carmine\product\repository_product\repository_update_suggestions\context.py",87
"ia_carmine\product\repository_product\repository_update_suggestions\markdown.py",71
"ia_carmine\product\repository_product\repository_update_suggestions\provider.py",12
"ia_carmine\product\repository_product\repository_update_suggestions\routing.py",75
"ia_carmine\product\repository_product\repository_update_suggestions\suggestions.py",98
"ia_carmine\product\repository_product\review_pr_prepare_args\__init__.py",3
"ia_carmine\product\repository_product\review_pr_prepare_args\cli.py",200
"ia_carmine\product\repository_product\TOOL_CONTEXT.md",65
"ia_carmine\providers\__init__.py",1
"ia_carmine\providers\gpu0\__init__.py",1
"ia_carmine\providers\gpu1\__init__.py",1
"ia_carmine\providers\npu\__init__.py",1
"ia_carmine\providers\npu\dual_ai_pipeline\__init__.py",7
"ia_carmine\providers\npu\dual_ai_pipeline\cli.py",282
"ia_carmine\providers\npu\dual_ai_pipeline\common.py",234
"ia_carmine\providers\npu\dual_ai_pipeline\deterministic_scene.py",331
"ia_carmine\providers\npu\dual_ai_pipeline\implementation.py",5
"ia_carmine\providers\npu\dual_ai_pipeline\implementation_fallback.py",139
"ia_carmine\providers\npu\dual_ai_pipeline\implementation_generation.py",92
"ia_carmine\providers\npu\dual_ai_pipeline\implementation_parse.py",84
"ia_carmine\providers\npu\dual_ai_pipeline\implementation_validation.py",115
"ia_carmine\providers\npu\dual_ai_pipeline\prompts.py",298
"ia_carmine\providers\npu\dual_ai_pipeline\technical.py",107
"ia_carmine\providers\npu\dual_ai_pipeline\TOOL_CONTEXT.md",19
"ia_carmine\providers\npu\dual_ai_pipeline\writers.py",98
"ia_carmine\providers\npu\paths.py",10
"ia_carmine\providers\npu\pipeline\__init__.py",154
"ia_carmine\providers\npu\pipeline\artifact_paths.py",100
"ia_carmine\providers\npu\pipeline\artifact_writer.py",42
"ia_carmine\providers\npu\pipeline\config.py",91
"ia_carmine\providers\npu\pipeline\context_builder.py",60
"ia_carmine\providers\npu\pipeline\fixtures.py",70
"ia_carmine\providers\npu\pipeline\io_utils.py",39
"ia_carmine\providers\npu\pipeline\legacy_compat.py",45
"ia_carmine\providers\npu\pipeline\migration_readiness.py",59
"ia_carmine\providers\npu\pipeline\prompts.py",86
"ia_carmine\providers\npu\pipeline\providers.py",269
"ia_carmine\providers\npu\pipeline\README.md",163
"ia_carmine\providers\npu\pipeline\reports.py",102
"ia_carmine\providers\npu\pipeline\runner.py",59
"ia_carmine\providers\npu\pipeline\validators.py",67
"ia_carmine\providers\npu\provider_mesh\__init__.py",1
"ia_carmine\providers\npu\provider_mesh\_shared\__init__.py",1
"ia_carmine\providers\npu\provider_mesh\_shared\ai_memory_context.py",108
"ia_carmine\providers\npu\provider_mesh\_shared\code_context_config.py",50
"ia_carmine\providers\npu\provider_mesh\_shared\npu_runtime.py",163
"ia_carmine\providers\npu\provider_mesh\_shared\ollama_runtime.py",31
"ia_carmine\providers\npu\provider_mesh\ai_service_packet\__init__.py",3
"ia_carmine\providers\npu\provider_mesh\ai_service_packet\cli.py",341
"ia_carmine\providers\npu\provider_mesh\blender_manual_context\__init__.py",3
"ia_carmine\providers\npu\provider_mesh\blender_manual_context\cli.py",271
"ia_carmine\providers\npu\provider_mesh\music_context\__init__.py",4
"ia_carmine\providers\npu\provider_mesh\music_context\analysis.py",189
"ia_carmine\providers\npu\provider_mesh\music_context\builder.py",124
"ia_carmine\providers\npu\provider_mesh\music_context\chunks.py",90
"ia_carmine\providers\npu\provider_mesh\music_context\cli.py",48
"ia_carmine\providers\npu\provider_mesh\music_context\common.py",92
"ia_carmine\providers\npu\provider_mesh\music_context\outputs.py",91
"ia_carmine\providers\npu\provider_mesh\music_context\scene.py",63
"ia_carmine\providers\npu\provider_mesh\npu_artifact_reviewer\__init__.py",3
"ia_carmine\providers\npu\provider_mesh\npu_artifact_reviewer\cli.py",126
"ia_carmine\providers\npu\provider_mesh\npu_code_context\__init__.py",3
"ia_carmine\providers\npu\provider_mesh\npu_code_context\cli.py",308
"ia_carmine\providers\npu\provider_mesh\npu_guardrail\__init__.py",1
"ia_carmine\providers\npu\provider_mesh\npu_guardrail\cli.py",87
"ia_carmine\providers\npu\provider_mesh\npu_guardrail\common.py",71
"ia_carmine\providers\npu\provider_mesh\npu_guardrail\config.py",32
"ia_carmine\providers\npu\provider_mesh\npu_guardrail\remediation.py",167
"ia_carmine\providers\npu\provider_mesh\npu_guardrail\reporting.py",65
"ia_carmine\providers\npu\provider_mesh\npu_guardrail\review.py",93
"ia_carmine\providers\npu\provider_mesh\npu_knowledge_broker_packet\__init__.py",4
"ia_carmine\providers\npu\provider_mesh\npu_knowledge_broker_packet\builder.py",99
"ia_carmine\providers\npu\provider_mesh\npu_knowledge_broker_packet\candidates.py",58
"ia_carmine\providers\npu\provider_mesh\npu_knowledge_broker_packet\cli.py",53
"ia_carmine\providers\npu\provider_mesh\npu_knowledge_broker_packet\common.py",36
"ia_carmine\providers\npu\provider_mesh\npu_knowledge_broker_packet\constants.py",15
"ia_carmine\providers\npu\provider_mesh\npu_knowledge_broker_packet\markdown.py",28
"ia_carmine\providers\npu\provider_mesh\npu_knowledge_broker_packet\sources.py",146
"ia_carmine\providers\npu\provider_mesh\npu_review_runner\__init__.py",1
"ia_carmine\providers\npu\provider_mesh\npu_review_runner\cli.py",122
"ia_carmine\providers\npu\provider_mesh\npu_review_runner\config.py",14
"ia_carmine\providers\npu\provider_mesh\npu_review_runner\prompts.py",181
"ia_carmine\providers\npu\provider_mesh\npu_review_runner\providers.py",27
"ia_carmine\providers\npu\provider_mesh\npu_review_runner\runner.py",132
"ia_carmine\providers\npu\provider_mesh\npu_review_runner\text_utils.py",53
"ia_carmine\providers\npu\provider_mesh\ollama_music_agent\__init__.py",3
"ia_carmine\providers\npu\provider_mesh\ollama_music_agent\cli.py",203
"ia_carmine\providers\npu\provider_mesh\project_ai_index\__init__.py",4
"ia_carmine\providers\npu\provider_mesh\project_ai_index\builder.py",61
"ia_carmine\providers\npu\provider_mesh\project_ai_index\chunks.py",126
"ia_carmine\providers\npu\provider_mesh\project_ai_index\cli.py",15
"ia_carmine\providers\npu\provider_mesh\project_ai_index\config.py",63
"ia_carmine\providers\npu\provider_mesh\project_ai_index\paths.py",54
"ia_carmine\providers\npu\provider_mesh\project_ai_index\records.py",77
"ia_carmine\providers\npu\provider_mesh\project_ai_index\symbols.py",61
"ia_carmine\providers\npu\provider_mesh\provider_result_report\__init__.py",3
"ia_carmine\providers\npu\provider_mesh\provider_result_report\cli.py",156
"ia_carmine\providers\npu\provider_mesh\runtime_output_manifest\__init__.py",3
"ia_carmine\providers\npu\provider_mesh\runtime_output_manifest\cli.py",145
"ia_carmine\providers\npu\provider_mesh\semantic_code_chunks\__init__.py",3
"ia_carmine\providers\npu\provider_mesh\semantic_code_chunks\cli.py",174
"ia_carmine\providers\npu\provider_mesh\TOOL_CONTEXT.md",30
"ia_carmine\providers\ollama\__init__.py",1
"ia_carmine\providers\openvino_gpu0\__init__.py",1
"ia_carmine\providers\openvino_npu\__init__.py",1
"ia_carmine\providers\provider_mesh\__init__.py",1
"ia_carmine\providers\provider_mesh\analysis_input_bundle\__init__.py",3
"ia_carmine\providers\provider_mesh\analysis_input_bundle\cli.py",333
"ia_carmine\providers\provider_mesh\gpu_deep_planning_review\__init__.py",7
"ia_carmine\providers\provider_mesh\gpu_deep_planning_review\cli.py",68
"ia_carmine\providers\provider_mesh\gpu_deep_planning_review\common.py",259
"ia_carmine\providers\provider_mesh\gpu_deep_planning_review\parsing.py",278
"ia_carmine\providers\provider_mesh\gpu_deep_planning_review\prompt.py",96
"ia_carmine\providers\provider_mesh\gpu_deep_planning_review\reporting.py",71
"ia_carmine\providers\provider_mesh\gpu_deep_planning_review\runner.py",200
"ia_carmine\providers\provider_mesh\gpu_deep_planning_supervised\__init__.py",13
"ia_carmine\providers\provider_mesh\gpu_deep_planning_supervised\audit.py",128
"ia_carmine\providers\provider_mesh\gpu_deep_planning_supervised\cli.py",110
"ia_carmine\providers\provider_mesh\gpu_deep_planning_supervised\common.py",187
"ia_carmine\providers\provider_mesh\gpu_deep_planning_supervised\reporting.py",215
"ia_carmine\providers\provider_mesh\gpu_deep_planning_supervised\runner.py",394
"ia_carmine\providers\provider_mesh\gpu_deep_planning_supervised\runtime_tools.py",362
"ia_carmine\providers\provider_mesh\gpu_npu_parallel_orchestrator\__init__.py",21
"ia_carmine\providers\provider_mesh\gpu_npu_parallel_orchestrator\broker.py",274
"ia_carmine\providers\provider_mesh\gpu_npu_parallel_orchestrator\cli.py",208
"ia_carmine\providers\provider_mesh\gpu_npu_parallel_orchestrator\common.py",269
"ia_carmine\providers\provider_mesh\gpu_npu_parallel_orchestrator\diagnostics.py",245
"ia_carmine\providers\provider_mesh\gpu_npu_parallel_orchestrator\gpu_lanes.py",240
"ia_carmine\providers\provider_mesh\gpu_npu_parallel_orchestrator\lifecycle.py",325
"ia_carmine\providers\provider_mesh\gpu_npu_parallel_orchestrator\metrics.py",375
"ia_carmine\providers\provider_mesh\gpu_npu_parallel_orchestrator\npu_audits.py",220
"ia_carmine\providers\provider_mesh\gpu_npu_parallel_orchestrator\npu_micro.py",269
"ia_carmine\providers\provider_mesh\gpu_npu_parallel_orchestrator\npu_micro_tools.py",141
"ia_carmine\providers\provider_mesh\gpu_npu_parallel_orchestrator\report_builder.py",393
"ia_carmine\providers\provider_mesh\gpu_npu_parallel_orchestrator\runner.py",20
"ia_carmine\providers\provider_mesh\gpu_npu_parallel_orchestrator\state.py",33
"ia_carmine\providers\provider_mesh\gpu_npu_parallel_orchestrator\support_lanes.py",328
"ia_carmine\providers\provider_mesh\gpu_npu_run_sync_analysis\__init__.py",7
"ia_carmine\providers\provider_mesh\gpu_npu_run_sync_analysis\analysis.py",156
"ia_carmine\providers\provider_mesh\gpu_npu_run_sync_analysis\cli.py",40
"ia_carmine\providers\provider_mesh\gpu_npu_run_sync_analysis\common.py",136
"ia_carmine\providers\provider_mesh\gpu_npu_run_sync_analysis\suggestions.py",155
"ia_carmine\providers\provider_mesh\gpu_npu_run_sync_analysis\timing.py",111
"ia_carmine\providers\provider_mesh\gpu_planner_json_contract_replay\__init__.py",3
"ia_carmine\providers\provider_mesh\gpu_planner_json_contract_replay\cli.py",207
"ia_carmine\providers\provider_mesh\gpu_repair_failure_recommendation\__init__.py",3
"ia_carmine\providers\provider_mesh\gpu_repair_failure_recommendation\cli.py",277
"ia_carmine\providers\provider_mesh\gpu0_companion_task_lane\__init__.py",3
"ia_carmine\providers\provider_mesh\gpu0_companion_task_lane\cli.py",245
"ia_carmine\providers\provider_mesh\gpu0_peer_companion_worker\__init__.py",3
"ia_carmine\providers\provider_mesh\gpu0_peer_companion_worker\cli.py",345
"ia_carmine\providers\provider_mesh\hardware_capability\__init__.py",1
"ia_carmine\providers\provider_mesh\hardware_capability\cli.py",39
"ia_carmine\providers\provider_mesh\hardware_capability\manifest.py",136
"ia_carmine\providers\provider_mesh\hardware_capability\markdown.py",60
"ia_carmine\providers\provider_mesh\hardware_capability\policy.py",112
"ia_carmine\providers\provider_mesh\hardware_capability\probes.py",101
"ia_carmine\providers\provider_mesh\hardware_capability\workloads.py",151
"ia_carmine\providers\provider_mesh\local_provider_probe\__init__.py",3
"ia_carmine\providers\provider_mesh\local_provider_probe\cli.py",324
"ia_carmine\providers\provider_mesh\local_resource_lanes_check\__init__.py",3
"ia_carmine\providers\provider_mesh\local_resource_lanes_check\cli.py",356
"ia_carmine\providers\provider_mesh\local_resource_lanes_check\report.py",53
"ia_carmine\providers\provider_mesh\npu_gpu_deep_review_auditor\__init__.py",15
"ia_carmine\providers\provider_mesh\npu_gpu_deep_review_auditor\cli.py",104
"ia_carmine\providers\provider_mesh\npu_gpu_deep_review_auditor\common.py",54
"ia_carmine\providers\provider_mesh\npu_gpu_deep_review_auditor\markdown.py",32
"ia_carmine\providers\provider_mesh\npu_gpu_deep_review_auditor\provider.py",82
"ia_carmine\providers\provider_mesh\npu_gpu_deep_review_auditor\runner.py",214
"ia_carmine\providers\provider_mesh\npu_gpu_deep_review_auditor\runtime_context.py",126
"ia_carmine\providers\provider_mesh\npu_gpu_deep_review_auditor\tool_requests.py",116
"ia_carmine\providers\provider_mesh\npu_micro_task_companion_report\__init__.py",3
"ia_carmine\providers\provider_mesh\npu_micro_task_companion_report\cli.py",243
"ia_carmine\providers\provider_mesh\npu_provider_environment_check\__init__.py",3
"ia_carmine\providers\provider_mesh\npu_provider_environment_check\cli.py",199
"ia_carmine\providers\provider_mesh\ollama_tool_gateway\__init__.py",7
"ia_carmine\providers\provider_mesh\ollama_tool_gateway\cli.py",60
"ia_carmine\providers\provider_mesh\ollama_tool_gateway\client.py",59
"ia_carmine\providers\provider_mesh\ollama_tool_gateway\common.py",98
"ia_carmine\providers\provider_mesh\ollama_tool_gateway\files.py",110
"ia_carmine\providers\provider_mesh\ollama_tool_gateway\loop.py",91
"ia_carmine\providers\provider_mesh\ollama_tool_gateway\repo_tools.py",86
"ia_carmine\providers\provider_mesh\openvino_gpu0_workload_report\__init__.py",3
"ia_carmine\providers\provider_mesh\openvino_gpu0_workload_report\cli.py",354
"ia_carmine\providers\provider_mesh\openvino_gpu0_workload_report\markdown.py",76
"ia_carmine\providers\provider_mesh\openvino_hardware_governance_report\__init__.py",3
"ia_carmine\providers\provider_mesh\openvino_hardware_governance_report\cli.py",167
"ia_carmine\providers\provider_mesh\peer_exchange_packet\__init__.py",4
"ia_carmine\providers\provider_mesh\peer_exchange_packet\cli.py",55
"ia_carmine\providers\provider_mesh\peer_exchange_packet\common.py",37
"ia_carmine\providers\provider_mesh\peer_exchange_packet\exchange.py",232
"ia_carmine\providers\provider_mesh\peer_exchange_packet\lanes.py",252
"ia_carmine\providers\provider_mesh\peer_exchange_packet\primary.py",86
"ia_carmine\providers\provider_mesh\peer_exchange_packet\render.py",45
"ia_carmine\providers\provider_mesh\peer_exchange_packet\tasks.py",79
"ia_carmine\providers\provider_mesh\runtime\__init__.py",4
"ia_carmine\providers\provider_mesh\runtime\cli.py",77
"ia_carmine\providers\provider_mesh\runtime\gpu0_peer.py",43
"ia_carmine\providers\provider_mesh\runtime\npu_micro.py",101
"ia_carmine\providers\provider_mesh\runtime\python_runtime.py",63
"ia_carmine\providers\provider_mesh\runtime\runtime_heap.py",129
"ia_carmine\providers\provider_mesh\TOOL_CONTEXT.md",135
"ia_carmine\README.md",274
"ia_carmine\runtime\__init__.py",1
"ia_carmine\runtime\broker\__init__.py",1
"ia_carmine\runtime\contractor_universe\__init__.py",5
"ia_carmine\runtime\contractor_universe\agents.py",100
"ia_carmine\runtime\contractor_universe\clock.py",32
"ia_carmine\runtime\contractor_universe\heap.py",74
"ia_carmine\runtime\contractor_universe\models.py",26
"ia_carmine\runtime\contractor_universe\runtime.py",129
"ia_carmine\runtime\contractor_universe\surface.py",41
"ia_carmine\runtime\contractor_universe\TOOL_CONTEXT.md",37
"ia_carmine\runtime\external_heap\__init__.py",1
"ia_carmine\runtime\external_heap\block_pointer_manifest\__init__.py",3
"ia_carmine\runtime\external_heap\block_pointer_manifest\cli.py",400
"ia_carmine\runtime\external_heap\block_pointer_manifest\provider_graph.py",270
"ia_carmine\runtime\external_heap\block_response\__init__.py",3
"ia_carmine\runtime\external_heap\block_response\cli.py",334
"ia_carmine\runtime\external_heap\postrun_package\__init__.py",3
"ia_carmine\runtime\external_heap\postrun_package\cli.py",300
"ia_carmine\runtime\external_heap\revision_context\__init__.py",4
"ia_carmine\runtime\external_heap\revision_context\applicability.py",147
"ia_carmine\runtime\external_heap\revision_context\cli.py",56
"ia_carmine\runtime\external_heap\revision_context\common.py",99
"ia_carmine\runtime\external_heap\revision_context\output.py",104
"ia_carmine\runtime\external_heap\revision_context\report.py",281
"ia_carmine\runtime\external_heap\revision_context\symbols.py",75
"ia_carmine\runtime\external_heap\revision_context\tasks.py",236
"ia_carmine\runtime\external_heap\TOOL_CONTEXT.md",46
"ia_carmine\runtime\heap\__init__.py",1
"ia_carmine\runtime\heap_context\__init__.py",1
"ia_carmine\runtime\heap_context_closure\__init__.py",1
"ia_carmine\runtime\heap_context_closure\cli.py",86
"ia_carmine\runtime\heap_context_closure\commands.py",130
"ia_carmine\runtime\heap_context_closure\common.py",310
"ia_carmine\runtime\heap_context_closure\fallback.py",102
"ia_carmine\runtime\heap_context_closure\launcher.py",383
"ia_carmine\runtime\heap_context_closure\postrun.py",133
"ia_carmine\runtime\heap_context_closure\preflight_policy.py",112
"ia_carmine\runtime\heap_context_closure\product_state.py",109
"ia_carmine\runtime\heap_context_closure\requesting.py",83
"ia_carmine\runtime\heap_context_closure\summary.py",375
"ia_carmine\runtime\heap_exchange\__init__.py",1
"ia_carmine\runtime\heap_exchange\closure_audit\__init__.py",3
"ia_carmine\runtime\heap_exchange\closure_audit\cli.py",188
"ia_carmine\runtime\heap_exchange\io.py",38
"ia_carmine\runtime\heap_exchange\peer_runtime_manifest\__init__.py",3
"ia_carmine\runtime\heap_exchange\peer_runtime_manifest\cli.py",249
"ia_carmine\runtime\heap_exchange\runtime_entry\__init__.py",3
"ia_carmine\runtime\heap_exchange\runtime_entry\cli.py",189
"ia_carmine\runtime\heap_exchange\runtime_exit\__init__.py",3
"ia_carmine\runtime\heap_exchange\runtime_exit\cli.py",271
"ia_carmine\runtime\heap_exchange\task_ingress_contract\__init__.py",3
"ia_carmine\runtime\heap_exchange\task_ingress_contract\cli.py",207
"ia_carmine\runtime\heap_exchange\TOOL_CONTEXT.md",69
"ia_carmine\runtime\heap_exchange\unified_lifecycle_wiring_patch\__init__.py",3
"ia_carmine\runtime\heap_exchange\unified_lifecycle_wiring_patch\cli.py",326
"ia_carmine\runtime\heap_gate\__init__.py",1
"ia_carmine\runtime\heap_gate\arbiter_product.py",89
"ia_carmine\runtime\heap_gate\heap_exchange.py",272
"ia_carmine\runtime\heap_gate\loop_steps.py",400
"ia_carmine\runtime\heap_gate\matrix_lab.py",252
"ia_carmine\runtime\heap_gate\matrix_lab_evidence.py",260
"ia_carmine\runtime\heap_gate\pointer_closure_quorum.py",191
"ia_carmine\runtime\heap_gate\pointer_soft_lock.py",308
"ia_carmine\runtime\heap_gate\proposal_assessment.py",56
"ia_carmine\runtime\heap_gate\proposal_cycle_a.py",336
"ia_carmine\runtime\heap_gate\proposal_cycle_artifacts.py",242
"ia_carmine\runtime\heap_gate\proposal_cycle_b.py",363
"ia_carmine\runtime\heap_gate\proposal_prompt.py",34
"ia_carmine\runtime\heap_gate\provider_block_contract.py",188
"ia_carmine\runtime\heap_gate\provider_command_specs.py",193
"ia_carmine\runtime\heap_gate\provider_commands.py",374
"ia_carmine\runtime\heap_gate\provider_context.py",372
"ia_carmine\runtime\heap_gate\provider_execution.py",387
"ia_carmine\runtime\heap_gate\provider_lane_launch.py",165
"ia_carmine\runtime\heap_gate\provider_lane_policy.py",55
"ia_carmine\runtime\heap_gate\provider_process_collection.py",282
"ia_carmine\runtime\heap_gate\provider_prompt.py",400
"ia_carmine\runtime\heap_gate\provider_prompt_text.py",44
"ia_carmine\runtime\heap_gate\provider_refinement.py",327
"ia_carmine\runtime\heap_gate\provider_replight_gate.py",271
"ia_carmine\runtime\heap_gate\provider_report_absorption.py",337
"ia_carmine\runtime\heap_gate\provider_residency_preflight.py",140
"ia_carmine\runtime\heap_gate\provider_runtime_plan.py",88
"ia_carmine\runtime\heap_gate\provider_teamwork_packet.py",196
"ia_carmine\runtime\heap_gate\provider_time.py",135
"ia_carmine\runtime\heap_gate\provider_tool_scheduler.py",33
"ia_carmine\runtime\heap_gate\provider_universe_abort.py",124
"ia_carmine\runtime\heap_gate\run_loop.py",355
"ia_carmine\runtime\heap_gate\run_loop_metrics.py",163
"ia_carmine\runtime\heap_gate\runtime_common.py",279
"ia_carmine\runtime\heap_gate\runtime_init.py",195
"ia_carmine\runtime\heap_gate\source_refs.py",152
"ia_carmine\runtime\heap_gate\startup_context.py",312
"ia_carmine\runtime\heap_gate\startup_manifest_context.py",158
"ia_carmine\runtime\heap_gate\target_planner.py",317
"ia_carmine\runtime\heap_gate\terminal_invariants.py",155
"ia_carmine\runtime\heap_gate\tool_broker.py",377
"ia_carmine\runtime\heap_gate\tool_broker_evidence.py",32
"ia_carmine\runtime\heap_gate\tool_broker_native_calls.py",197
"ia_carmine\runtime\heap_gate\TOOL_CONTEXT.md",56
"ia_carmine\runtime\heap_gate\tool_plan_builder.py",256
"ia_carmine\runtime\heap_provider\budget_governor\__init__.py",3
"ia_carmine\runtime\heap_provider\budget_governor\cli.py",342
"ia_carmine\runtime\heap_provider\invocation_contract\__init__.py",3
"ia_carmine\runtime\heap_provider\invocation_contract\cli.py",364
"ia_carmine\runtime\heap_provider\TOOL_CONTEXT.md",19
"ia_carmine\runtime\heap_runtime\__init__.py",1
"ia_carmine\runtime\heap_runtime\code_execution_tool\__init__.py",3
"ia_carmine\runtime\heap_runtime\code_execution_tool\cli.py",317
"ia_carmine\runtime\heap_runtime\completeness_gate\__init__.py",3
"ia_carmine\runtime\heap_runtime\completeness_gate\cli.py",227
"ia_carmine\runtime\heap_runtime\event_pointers\__init__.py",7
"ia_carmine\runtime\heap_runtime\event_pointers\cli.py",84
"ia_carmine\runtime\heap_runtime\launcher_command\__init__.py",1
"ia_carmine\runtime\heap_runtime\launcher_command\cli.py",34
"ia_carmine\runtime\heap_runtime\product_package\__init__.py",3
"ia_carmine\runtime\heap_runtime\product_package\cli.py",287
"ia_carmine\runtime\heap_runtime\TOOL_CONTEXT.md",48
"ia_carmine\runtime\heap_runtime\virtual_dev_environment\__init__.py",3
"ia_carmine\runtime\heap_runtime\virtual_dev_environment\cli.py",343
"ia_carmine\runtime\provider_runtime_blackboard\__init__.py",8
"ia_carmine\runtime\provider_runtime_blackboard\api.py",40
"ia_carmine\runtime\provider_runtime_blackboard\broker_bridge\__init__.py",3
"ia_carmine\runtime\provider_runtime_blackboard\broker_bridge\cli.py",331
"ia_carmine\runtime\provider_runtime_blackboard\cli.py",94
"ia_carmine\runtime\provider_runtime_blackboard\common.py",177
"ia_carmine\runtime\provider_runtime_blackboard\diagnostics.py",34
"ia_carmine\runtime\provider_runtime_blackboard\gpu_peer_smoke\__init__.py",3
"ia_carmine\runtime\provider_runtime_blackboard\gpu_peer_smoke\cli.py",104
"ia_carmine\runtime\provider_runtime_blackboard\heap.py",250
"ia_carmine\runtime\provider_runtime_blackboard\live_signals\__init__.py",3
"ia_carmine\runtime\provider_runtime_blackboard\live_signals\cli.py",314
"ia_carmine\runtime\provider_runtime_blackboard\peer_reports\__init__.py",3
"ia_carmine\runtime\provider_runtime_blackboard\peer_reports\cli.py",348
"ia_carmine\runtime\provider_runtime_blackboard\render.py",48
"ia_carmine\runtime\provider_runtime_blackboard\sqlite_index.py",383
"ia_carmine\runtime\provider_runtime_blackboard\state.py",85
"ia_carmine\runtime\provider_runtime_blackboard\TOOL_CONTEXT.md",84
"ia_carmine\runtime\provider_runtime_blackboard\validation_bridge\__init__.py",3
"ia_carmine\runtime\provider_runtime_blackboard\validation_bridge\cli.py",176
"ia_carmine\runtime\run\__init__.py",1
"ia_carmine\runtime\run\cli.py",306
"ia_carmine\runtime\run\dry_run_policy.py",87
"ia_carmine\runtime\run\dry_run_report.py",84
"ia_carmine\runtime\run\preflight_files.py",39
"ia_carmine\runtime\run\TOOL_CONTEXT.md",207
"ia_carmine\runtime\runtime_mesh\__init__.py",1
"ia_carmine\runtime\runtime_tool\__init__.py",1
"ia_carmine\runtime\runtime_tool\agent_broker\__init__.py",3
"ia_carmine\runtime\runtime_tool\agent_broker\cli.py",84
"ia_carmine\runtime\runtime_tool\agent_runtime_debug_lab\__init__.py",2
"ia_carmine\runtime\runtime_tool\agent_runtime_debug_lab\cli.py",94
"ia_carmine\runtime\runtime_tool\agent_runtime_debug_lab\policy.py",177
"ia_carmine\runtime\runtime_tool\agent_runtime_debug_lab\reporting.py",76
"ia_carmine\runtime\runtime_tool\agent_runtime_debug_lab\runner.py",337
"ia_carmine\runtime\runtime_tool\broker\__init__.py",1
"ia_carmine\runtime\runtime_tool\broker\cli.py",6
"ia_carmine\runtime\runtime_tool\broker\common.py",233
"ia_carmine\runtime\runtime_tool\broker\context_builders.py",181
"ia_carmine\runtime\runtime_tool\broker\executor.py",358
"ia_carmine\runtime\runtime_tool\broker\inventory_builders.py",265
"ia_carmine\runtime\runtime_tool\broker\markdown.py",45
"ia_carmine\runtime\runtime_tool\broker\registry.py",229
"ia_carmine\runtime\runtime_tool\broker\runtime_builders.py",206
"ia_carmine\runtime\runtime_tool\capability_manifest\__init__.py",3
"ia_carmine\runtime\runtime_tool\capability_manifest\cli.py",244
"ia_carmine\runtime\runtime_tool\file_refs\__init__.py",11
"ia_carmine\runtime\runtime_tool\file_refs\allowlist.py",131
"ia_carmine\runtime\runtime_tool\file_refs\classifier.py",74
"ia_carmine\runtime\runtime_tool\file_refs\cli.py",126
"ia_carmine\runtime\runtime_tool\file_refs\markdown.py",20
"ia_carmine\runtime\runtime_tool\file_refs\models.py",104
"ia_carmine\runtime\runtime_tool\file_refs\resolver.py",104
"ia_carmine\runtime\runtime_tool\TOOL_CONTEXT.md",88
"ia_carmine\runtime\runtime_universe\__init__.py",4
"ia_carmine\runtime\runtime_universe\builder.py",133
"ia_carmine\runtime\runtime_universe\flow_map\__init__.py",7
"ia_carmine\runtime\runtime_universe\flow_map\builder.py",89
"ia_carmine\runtime\runtime_universe\flow_map\cli.py",65
"ia_carmine\runtime\runtime_universe\flow_map\common.py",155
"ia_carmine\runtime\runtime_universe\flow_map\process.py",145
"ia_carmine\runtime\runtime_universe\flow_map\render.py",74
"ia_carmine\runtime\runtime_universe\models.py",69
"ia_carmine\runtime\runtime_universe\report.py",41
"ia_carmine\runtime\runtime_universe\selective_execution_plan\__init__.py",4
"ia_carmine\runtime\runtime_universe\selective_execution_plan\cli.py",58
"ia_carmine\runtime\runtime_universe\selective_execution_plan\common.py",56
"ia_carmine\runtime\runtime_universe\selective_execution_plan\markdown.py",72
"ia_carmine\runtime\runtime_universe\selective_execution_plan\planner.py",85
"ia_carmine\runtime\runtime_universe\selective_execution_plan\recommendations.py",208
"ia_carmine\runtime\runtime_universe\selective_execution_plan\summaries.py",194
"ia_carmine\runtime\runtime_universe\smart_gatekeeper\__init__.py",3
"ia_carmine\runtime\runtime_universe\smart_gatekeeper\cli.py",255
"ia_carmine\runtime\runtime_universe\tests\test_runtime_state_pipeline.py",207
"ia_carmine\runtime\runtime_universe\tool_catalog.py",19
"ia_carmine\runtime\runtime_universe\TOOL_CONTEXT.md",51
"ia_carmine\runtime\runtime_universe\unified\__init__.py",1
"ia_carmine\runtime\runtime_universe\unified\ai_conversation_feed\__init__.py",3
"ia_carmine\runtime\runtime_universe\unified\ai_conversation_feed\cli.py",151
"ia_carmine\runtime\runtime_universe\unified\chain_contract_args\__init__.py",3
"ia_carmine\runtime\runtime_universe\unified\chain_contract_args\cli.py",241
"ia_carmine\runtime\runtime_universe\unified\raw_debug_good_info_feed\__init__.py",3
"ia_carmine\runtime\runtime_universe\unified\raw_debug_good_info_feed\cli.py",111
"ia_carmine\runtime\runtime_universe\unified\run_observer_snapshot\__init__.py",3
"ia_carmine\runtime\runtime_universe\unified\run_observer_snapshot\cli.py",72
"ia_carmine\runtime\runtime_universe\unified\TOOL_CONTEXT.md",25
"ia_carmine\runtime\runtime_universe\unified_chain_contract_wiring_patch\__init__.py",3
"ia_carmine\runtime\runtime_universe\unified_chain_contract_wiring_patch\cli.py",173
"ia_carmine\runtime\runtime_universe\unified_launcher_error_policy_patch\__init__.py",3
"ia_carmine\runtime\runtime_universe\unified_launcher_error_policy_patch\cli.py",164
"ia_carmine\runtime\tool_registry\__init__.py",1
"ia_carmine\TOOL_CONTEXT.md",135
"ia_carmine\validation_contracts\__init__.py",1
"ia_carmine\validation_contracts\product_contracts\__init__.py",1
"ia_carmine\validation_contracts\report_contracts\__init__.py",1
"ia_carmine\validation_contracts\schema_repair\__init__.py",2
"ia_carmine\validation_contracts\schema_repair\api.py",33
"ia_carmine\validation_contracts\schema_repair\common.py",58
"ia_carmine\validation_contracts\schema_repair\context.py",267
"ia_carmine\validation_contracts\schema_repair\evidence.py",85
"Tools/ai/__init__.py",17
"Tools/ai/__main__.py",5
"Tools/ai/dispatch.py",4
"Tools/docs/docs_hygiene/markdown_split_tool_guide/core.py",45
"Tools/npu/dispatch.py",36
"Tools/npu/dual_ai_pipeline/__init__.py",6
"Tools/npu/pipeline/__init__.py",6
"Tools/npu/provider_mesh/__init__.py",6
"Tools/validation/agent_context/check_selected_semantic_chunks/cli.py",335
"Tools/validation/agent_context/run_shared_toolbox_ai_to_ai_bundle_smoke/cli.py",346
"Tools/validation/agent_context/run_substantive_planning_smoke/cli.py",292
"Tools/validation/agent_memory/check_agent_memory_policy/cli.py",112
"Tools/validation/agent_memory/run_agent_memory_routing_policy_smoke/cli.py",274
"Tools/validation/agent_memory/run_runtime_sqlite_persistent_write_smoke/cli.py",134
"Tools/validation/agent_review/code_patch_plan_smoke/cli.py",180
"Tools/validation/agent_review/decision_loop_smoke/cli.py",284
"Tools/validation/agent_review/evidence_sufficiency_smoke/cli.py",192
"Tools/validation/agent_review/patch_bundle_builder_smoke/cli.py",234
"Tools/validation/agent_review/patch_plan_full_validation/commands.py",124
"Tools/validation/agent_review/patch_plan_smoke/cli.py",267
"Tools/validation/agent_review/warning_policy_smoke/cli.py",227
"Tools/validation/agnostic_ai_tools_smoke_matrix/steps.py",213
"Tools/validation/agnostic_context_stack_smoke/steps.py",195
"Tools/validation/code_product/run_code_product_artifact_intake_smoke/cli.py",312
"Tools/validation/deterministic_recommendations/run_deterministic_recommendation_synthesizer_smoke/cli.py",207
"Tools/validation/dispatch.py",190
"Tools/validation/docs_hygiene/apply_docs_contract_drift_fixes/cli.py",276
"Tools/validation/docs_hygiene/build_python_line_count_csv/cli.py",221
"Tools/validation/docs_hygiene/build_script_inventory/cli.py",333
"Tools/validation/docs_hygiene/check_code_contract_drift/cli.py",362
"Tools/validation/docs_hygiene/check_refactor_status_consistency/cli.py",132
"Tools/validation/docs_hygiene/run_refactor_duplication_audit_smoke/cli.py",284
"Tools/validation/external_heap/postrun_provider_execution_smoke/cli.py",214
"Tools/validation/external_heap/provider_execution_detection_smoke/cli.py",146
"Tools/validation/external_heap/revision_context_applicability_smoke/cli.py",350
"Tools/validation/generated_patch_specs/current_stamp_discovery_smoke/cli.py",162
"Tools/validation/generated_patch_specs/empty_product_smoke/cli.py",111
"Tools/validation/generated_patch_specs/review_pr_lane_smoke/cli.py",248
"Tools/validation/heap_exchange/closure_audit_smoke/cli.py",124
"Tools/validation/heap_exchange/peer_runtime_manifest_smoke/cli.py",138
"Tools/validation/heap_exchange/runtime_lifecycle_check/cli.py",246
"Tools/validation/heap_exchange/runtime_lifecycle_smoke/cli.py",321
"Tools/validation/heap_exchange/task_ingress_contract_smoke/cli.py",97
"Tools/validation/heap_final_proposals/test_composer_decision/cli.py",170
"Tools/validation/heap_final_proposals/test_proposal_gate/cli.py",133
"Tools/validation/heap_provider/budget_governor_smoke/cli.py",134
"Tools/validation/heap_provider/invocation_contract_smoke/cli.py",190
"Tools/validation/heap_provider/peer_review_events_scope_smoke/cli.py",198
"Tools/validation/heap_runtime/code_execution_tool_smoke/cli.py",309
"Tools/validation/heap_runtime/completeness_gate_contract.py",44
"Tools/validation/heap_runtime/completeness_gate_smoke/cli.py",360
"Tools/validation/heap_runtime/completeness_gate_smoke/process_watch.py",93
"Tools/validation/heap_runtime/launcher_command_smoke/cli.py",248
"Tools/validation/heap_runtime/run_heap_file_backed_request_startup_smoke/cli.py",147
"Tools/validation/heap_runtime/run_heap_final_readable_product_smoke/cli.py",382
"Tools/validation/heap_runtime/run_heap_gate_terminal_invariants_smoke/cli.py",132
"Tools/validation/heap_runtime/run_heap_negative_preview_rewrite_contract_smoke/cli.py",75
"Tools/validation/heap_runtime/run_heap_source_allowlist_contract_smoke/cli.py",154
"Tools/validation/heap_runtime/run_heap_source_anchor_priority_smoke/cli.py",80
"Tools/validation/heap_runtime/run_heap_startup_context_ingestion_smoke/cli.py",353
"Tools/validation/heap_runtime/virtual_dev_environment_smoke/cli.py",218
"Tools/validation/patch_product/patch_notes_quality_product_smoke/cases.py",195
"Tools/validation/patch_product/patch_notes_quality_product_smoke/fixtures.py",88
"Tools/validation/patch_product/patch_notes_quality_product_smoke/runner.py",30
"Tools/validation/patch_product/patch_suggestion_bundle_apply_smoke/cli.py",239
"Tools/validation/patch_product/run_code_edit_proposal_smoke/cli.py",188
"Tools/validation/patch_product/run_patch_candidate_synthesis_smoke/cli.py",158
"Tools/validation/patch_product/run_patchkit_smoke/cli.py",277
"Tools/validation/patch_product/task_patch_suggestion_markdown_authoring_smoke/cli.py",170
"Tools/validation/patch_product/task_patch_suggestion_runtime_deferral_smoke/cli.py",89
"Tools/validation/pipeline/ai_pipeline_modules/cli.py",285
"Tools/validation/pipeline/check_ai_model_json/cli.py",153
"Tools/validation/pipeline/dry_run_matrix_cases/cli.py",167
"Tools/validation/pipeline/dry_run_matrix_contract/cli.py",335
"Tools/validation/pipeline/npu_pipeline_modules_check/boundary.py",112
"Tools/validation/pipeline/npu_pipeline_modules_check/imports.py",61
"Tools/validation/pipeline/test_npu_pipeline_helpers/cli.py",345
"Tools/validation/provider_mesh/check_provider_result_parsing/cli.py",78
"Tools/validation/provider_mesh/gpu_planner_json_contract_smoke/cli.py",273
"Tools/validation/provider_mesh/gpu_runner_provider_error_smoke/cli.py",168
"Tools/validation/provider_mesh/npu_micro_task_companion_smoke/cli.py",60
"Tools/validation/provider_mesh/npu_tool_request_contract_smoke/cli.py",97
"Tools/validation/provider_mesh/ollama_tool_gateway_smoke/cli.py",135
"Tools/validation/provider_mesh/openvino_peer_topology_contract/cli.py",263
"Tools/validation/provider_mesh/orchestrator_direct_gpu_counter_smoke/cli.py",174
"Tools/validation/provider_mesh/run_observable_peer_activity_contract_smoke/cli.py",325
"Tools/validation/real_product/intrinsic_capability_contract/cli.py",139
"Tools/validation/real_product/preflight_gate/cli.py",365
"Tools/validation/real_product/preflight_gate_smoke/cli.py",128
"Tools/validation/real_product/profile_smoke/cli.py",99
"Tools/validation/real_product/runtime_mesh_contract/cli.py",247
"Tools/validation/real_product/single_entry_exit_smoke/cli.py",72
"Tools/validation/repository_product/github_evidence_bundle/cli.py",328
"Tools/validation/repository_product/prepare_review_pr_auto_include_smoke/cli.py",191
"Tools/validation/repository_product/prepare_review_pr_flag_smoke/cli.py",258
"Tools/validation/repository_product/repository_change_proposals_runtime_evidence_smoke/cli.py",275
"Tools/validation/repository_product/repository_consistency_map_smoke/cli.py",208
"Tools/validation/repository_product/review_pr_prepare_args_smoke/cli.py",210
"Tools/validation/repository_product/review_pr_product_readiness/cli.py",168
"Tools/validation/repository_product/review_pr_product_readiness_smoke/cli.py",253
"Tools/validation/runtime_tool/agent_runtime_tool_broker_smoke/cli.py",257
"Tools/validation/runtime_tool/broker_dispatch_alignment/cli.py",149
"Tools/validation/runtime_tool/check_artifact_domain_registry/cli.py",58
"Tools/validation/runtime_tool/gpu_runtime_tool_bootstrap_smoke/cli.py",248
"Tools/validation/runtime_tool/npu_runtime_tool_context_smoke/cli.py",195
"Tools/validation/runtime_tool/npu_runtime_tool_execution_smoke/cli.py",161
"Tools/validation/runtime_tool/npu_runtime_tool_fallback_smoke/cli.py",151
"Tools/validation/runtime_tool/orchestrator_gpu_runtime_tool_routing_smoke/cli.py",159
"Tools/validation/runtime_tool/run_agent_runtime_debug_lab_smoke/cli.py",191
"Tools/validation/runtime_tool/run_provider_tool_loop_smoke/cli.py",180
"Tools/validation/runtime_tool/run_runtime_file_refs_smoke/cli.py",100
"Tools/validation/runtime_tool/runtime_tool_feedback_loop_smoke/cli.py",155
"Tools/validation/runtime_tool/runtime_tool_guidance_fallback_smoke/cli.py",213
"Tools/validation/runtime_universe/run_runtime_hardcode_guard_smoke/cli.py",153
"Tools/validation/runtime_universe/run_runtime_heap_sqlite_sidecar_smoke/cli.py",232
"Tools/validation/runtime_universe/runtime_universe_smoke/cli.py",53
"Tools/validation/runtime_universe/unified_chain_contract/common.py",137
"Tools/validation/runtime_universe/unified_chain_contract_args_smoke/cli.py",163
"Tools/validation/runtime_universe/unified_observer_extended_smoke/cli.py",147
"Tools/validation/runtime_universe/unified_run_observer_smoke/cli.py",71
"Tools/validation/schema_repair/context_smoke/cli.py",151
"Tools/validation/schema_repair/retry_smoke/cli.py",164
"Tools/validation/workflow_run/operator_product_launcher_smoke/cli.py",243
"Tools/workflow/_powershell/run_agent_review_full_toolbox_decision_loop_integrated.ps1",281
"Tools/workflow/_powershell/run_ai_cycle_startup_preflight.ps1",371
"Tools/workflow/_powershell/run_full_memory_tool_regeneration.ps1",344
"Tools/workflow/_powershell/run_local_ai_core_tool_activation.ps1",322
"Tools/workflow/_powershell/run_local_ai_task_via_pipeline.ps1",291
"Tools/workflow/_powershell/run_local_validation_after_refactor.ps1",270
"Tools/workflow/_powershell/run_parallel_ai_provider_multistep.ps1",145
"Tools/workflow/_powershell/run_post_validation_ai_packet.ps1",150
"Tools/workflow/gui/workflow_gui_modern.py",207
"Tools/workflow/run_agent_review_full_toolbox_decision_loop/py_engine.py",385
"Tools/workflow/run_agent_review_full_toolbox_decision_loop/py_mesh_common.py",95
"Tools/workflow/run_agent_review_full_toolbox_decision_loop/py_mesh_peer.py",356
"Tools/workflow/run_agent_review_full_toolbox_decision_loop/py_mesh_provider.py",309
"Tools/workflow/run_agent_review_full_toolbox_decision_loop/py_patch_notes.py",59
"Tools/workflow/run_agent_review_full_toolbox_decision_loop/py_product_bundle.py",293
"Tools/workflow/run_agent_review_full_toolbox_decision_loop/py_product_core.py",166
"Tools/workflow/run_agent_review_full_toolbox_decision_loop/py_product_evidence.py",206
"Tools/workflow/run_local_ai_task_via_pipeline/enrichment.ps1",135
"Tools/workflow/run_local_ai_task_via_pipeline/evidence.ps1",50
"Tools/workflow/run_local_ai_task_via_pipeline/validation.ps1",149
"Tools/workflow/run_unified_local_ai_refactor/part-002_sections/section-002.ps1",178
"Tools/workflow/run_unified_local_ai_refactor/part-003_sections/section-001.ps1",285
"Tools/workflow/run_unified_local_ai_refactor/part-003_sections/section-002.ps1",186
"Tools/workflow/run_unified_local_ai_refactor/part-004_sections/section-001.ps1",257
"Tools/workflow/run_unified_local_ai_refactor/part-004_sections/section-002.ps1",230
"Tools/workflow/run_unified_local_ai_refactor/part-005.ps1",127
"Tools/workflow/workflow_run/audio_analysis/context_bridge.py",67
"Tools/workflow/workflow_run/scene_brief_core/chat_reply.py",90
"Tools/workflow/workflow_run/startup_check_core/common.py",173
"Tools/workflow/workflow_run/workflow_core/state.py",261
"Tools\ai\__init__.py",17
"Tools\ai\__main__.py",5
"Tools\ai\dispatch.py",4
"Tools\ai\TOOL_CONTEXT.md",4
"Tools\npu\__init__.py",1
"Tools\npu\__main__.py",5
"Tools\npu\_powershell\run_npu_context.ps1",207
"Tools\npu\_powershell\TOOL_CONTEXT.md",20
"Tools\npu\CONTEXT_INDEX.md",11
"Tools\npu\dispatch.py",36
"Tools\npu\dual_ai_pipeline\__init__.py",6
"Tools\npu\pipeline\__init__.py",6
"Tools\npu\provider_mesh\__init__.py",6
"Tools\npu\README.md",27
"Tools\npu\TOOL_CONTEXT.md",64
"Tools\validation\core_refactor\__init__.py",1
"Tools\validation\core_refactor\import_compat_smoke\__init__.py",1
"Tools\validation\core_refactor\import_compat_smoke\cli.py",71
